timestamp,event_type,mouse_x,mouse_y,mouse_dx,mouse_dy,mouse_speed,button,pressed,scroll_dx,scroll_dy,key,inter_key_interval,session_id,label
1778951001.134104,KEY_PRESS,,,,,,,,,,Key.enter,,S08,low
1778951001.221482,KEY_RELEASE,,,,,,,,,,Key.enter,0.0874,S08,low
1778951002.1807632,KEY_PRESS,,,,,,,,,,Key.shift,0.9593,S08,low
1778951002.3258471,KEY_PRESS,,,,,,,,,,T,0.1451,S08,low
1778951002.421738,KEY_RELEASE,,,,,,,,,,T,0.0959,S08,low
1778951002.4609308,KEY_RELEASE,,,,,,,,,,Key.shift,0.0392,S08,low
1778951002.6064565,KEY_PRESS,,,,,,,,,,h,0.1455,S08,low
1778951002.7204034,KEY_RELEASE,,,,,,,,,,h,0.1139,S08,low
1778951002.7816262,KEY_PRESS,,,,,,,,,,e,0.0612,S08,low
1778951002.922533,KEY_RELEASE,,,,,,,,,,e,0.1409,S08,low
1778951002.981164,KEY_PRESS,,,,,,,,,,Key.space,0.0586,S08,low
1778951003.0865595,KEY_RELEASE,,,,,,,,,,Key.space,0.1054,S08,low
1778951003.161023,KEY_PRESS,,,,,,,,,,q,0.0745,S08,low
1778951003.2927349,KEY_RELEASE,,,,,,,,,,q,0.1317,S08,low
1778951003.3241675,KEY_PRESS,,,,,,,,,,u,0.0314,S08,low
1778951003.3849604,KEY_RELEASE,,,,,,,,,,u,0.0608,S08,low
1778951003.5587554,KEY_PRESS,,,,,,,,,,i,0.1738,S08,low
1778951003.6553793,KEY_RELEASE,,,,,,,,,,i,0.0966,S08,low
1778951003.7750344,KEY_PRESS,,,,,,,,,,c,0.1197,S08,low
1778951003.9051285,KEY_PRESS,,,,,,,,,,k,0.1301,S08,low
1778951003.9056807,KEY_RELEASE,,,,,,,,,,c,0.0006,S08,low
1778951004.003134,KEY_RELEASE,,,,,,,,,,k,0.0975,S08,low
1778951004.1157165,KEY_PRESS,,,,,,,,,,Key.space,0.1126,S08,low
1778951004.230046,KEY_RELEASE,,,,,,,,,,Key.space,0.1143,S08,low
1778951004.3882706,KEY_PRESS,,,,,,,,,,b,0.1582,S08,low
1778951004.5025938,KEY_RELEASE,,,,,,,,,,b,0.1143,S08,low
1778951004.642881,KEY_PRESS,,,,,,,,,,r,0.1403,S08,low
1778951004.757476,KEY_RELEASE,,,,,,,,,,r,0.1146,S08,low
1778951004.7758596,KEY_PRESS,,,,,,,,,,o,0.0184,S08,low
1778951004.8633883,KEY_RELEASE,,,,,,,,,,o,0.0875,S08,low
1778951004.940775,KEY_PRESS,,,,,,,,,,w,0.0774,S08,low
1778951005.0461638,KEY_RELEASE,,,,,,,,,,w,0.1054,S08,low
1778951005.0691562,KEY_PRESS,,,,,,,,,,n,0.023,S08,low
1778951005.1837282,KEY_RELEASE,,,,,,,,,,n,0.1146,S08,low
1778951005.297106,KEY_PRESS,,,,,,,,,,Key.space,0.1134,S08,low
1778951005.3937054,KEY_RELEASE,,,,,,,,,,Key.space,0.0966,S08,low
1778951005.5521665,KEY_PRESS,,,,,,,,,,f,0.1585,S08,low
1778951005.6215715,KEY_PRESS,,,,,,,,,,o,0.0694,S08,low
1778951005.6220932,KEY_RELEASE,,,,,,,,,,f,0.0005,S08,low
1778951005.6997473,KEY_RELEASE,,,,,,,,,,o,0.0777,S08,low
1778951006.2081966,KEY_PRESS,,,,,,,,,,x,0.5084,S08,low
1778951006.3135664,KEY_RELEASE,,,,,,,,,,x,0.1054,S08,low
1778951006.3489037,KEY_PRESS,,,,,,,,,,Key.space,0.0353,S08,low
1778951006.445614,KEY_RELEASE,,,,,,,,,,Key.space,0.0967,S08,low
1778951006.5269651,KEY_PRESS,,,,,,,,,,j,0.0814,S08,low
1778951006.623346,KEY_RELEASE,,,,,,,,,,j,0.0964,S08,low
1778951006.7100794,KEY_PRESS,,,,,,,,,,u,0.0867,S08,low
1778951006.7800753,KEY_RELEASE,,,,,,,,,,u,0.07,S08,low
1778951006.933259,KEY_PRESS,,,,,,,,,,m,0.1532,S08,low
1778951007.0386186,KEY_RELEASE,,,,,,,,,,m,0.1054,S08,low
1778951007.0735116,KEY_PRESS,,,,,,,,,,p,0.0349,S08,low
1778951007.17033,KEY_RELEASE,,,,,,,,,,p,0.0968,S08,low
1778951007.24334,KEY_PRESS,,,,,,,,,,s,0.073,S08,low
1778951007.3844752,KEY_RELEASE,,,,,,,,,,s,0.1411,S08,low
1778951007.452112,KEY_PRESS,,,,,,,,,,Key.space,0.0676,S08,low
1778951007.5395193,KEY_RELEASE,,,,,,,,,,Key.space,0.0874,S08,low
1778951007.612097,KEY_PRESS,,,,,,,,,,o,0.0726,S08,low
1778951007.699669,KEY_RELEASE,,,,,,,,,,o,0.0876,S08,low
1778951007.7532578,KEY_PRESS,,,,,,,,,,f,0.0536,S08,low
1778951007.840844,KEY_RELEASE,,,,,,,,,,f,0.0876,S08,low
1778951007.866363,KEY_PRESS,,,,,,,,,,Key.space,0.0255,S08,low
1778951007.9449954,KEY_RELEASE,,,,,,,,,,Key.space,0.0786,S08,low
1778951008.2478507,KEY_PRESS,,,,,,,,,,Key.backspace,0.3029,S08,low
1778951008.35775,KEY_RELEASE,,,,,,,,,,Key.backspace,0.1099,S08,low
1778951008.358368,KEY_PRESS,,,,,,,,,,v,0.0006,S08,low
1778951008.4899123,KEY_RELEASE,,,,,,,,,,v,0.1315,S08,low
1778951008.5672162,KEY_PRESS,,,,,,,,,,Key.backspace,0.0773,S08,low
1778951008.6367176,KEY_RELEASE,,,,,,,,,,Key.backspace,0.0695,S08,low
1778951008.705325,KEY_PRESS,,,,,,,,,,Key.backspace,0.0686,S08,low
1778951008.801648,KEY_RELEASE,,,,,,,,,,Key.backspace,0.0963,S08,low
1778951008.8751044,KEY_PRESS,,,,,,,,,,v,0.0735,S08,low
1778951008.9802063,KEY_RELEASE,,,,,,,,,,v,0.1051,S08,low
1778951009.1772695,KEY_PRESS,,,,,,,,,,e,0.1971,S08,low
1778951009.318255,KEY_RELEASE,,,,,,,,,,e,0.141,S08,low
1778951009.3350294,KEY_PRESS,,,,,,,,,,r,0.0168,S08,low
1778951009.4399364,KEY_RELEASE,,,,,,,,,,r,0.1049,S08,low
1778951009.474022,KEY_PRESS,,,,,,,,,,Key.space,0.0341,S08,low
1778951009.5839515,KEY_RELEASE,,,,,,,,,,Key.space,0.1099,S08,low
1778951009.584799,KEY_PRESS,,,,,,,,,,t,0.0008,S08,low
1778951009.6713028,KEY_RELEASE,,,,,,,,,,t,0.0865,S08,low
1778951009.6876056,KEY_PRESS,,,,,,,,,,h,0.0163,S08,low
1778951009.7840478,KEY_RELEASE,,,,,,,,,,h,0.0964,S08,low
1778951009.8134096,KEY_PRESS,,,,,,,,,,e,0.0294,S08,low
1778951009.9167087,KEY_PRESS,,,,,,,,,,Key.space,0.1033,S08,low
1778951009.917659,KEY_RELEASE,,,,,,,,,,e,0.001,S08,low
1778951009.9802883,KEY_RELEASE,,,,,,,,,,Key.space,0.0626,S08,low
1778951010.0948136,KEY_PRESS,,,,,,,,,,l,0.1145,S08,low
1778951010.2127383,KEY_RELEASE,,,,,,,,,,l,0.1179,S08,low
1778951010.2136462,KEY_PRESS,,,,,,,,,,a,0.0009,S08,low
1778951010.317954,KEY_RELEASE,,,,,,,,,,a,0.1043,S08,low
1778951010.5554137,KEY_PRESS,,,,,,,,,,z,0.2375,S08,low
1778951010.6968231,KEY_PRESS,,,,,,,,,,y,0.1414,S08,low
1778951010.6972675,KEY_RELEASE,,,,,,,,,,z,0.0004,S08,low
1778951010.8019583,KEY_RELEASE,,,,,,,,,,y,0.1047,S08,low
1778951010.8949275,KEY_PRESS,,,,,,,,,,Key.space,0.093,S08,low
1778951010.9645169,KEY_RELEASE,,,,,,,,,,Key.space,0.0696,S08,low
1778951011.2899919,KEY_PRESS,,,,,,,,,,d,0.3255,S08,low
1778951011.4377627,KEY_PRESS,,,,,,,,,,o,0.1478,S08,low
1778951011.438702,KEY_RELEASE,,,,,,,,,,d,0.0009,S08,low
1778951011.5095725,KEY_RELEASE,,,,,,,,,,o,0.0709,S08,low
1778951011.811714,KEY_PRESS,,,,,,,,,,g,0.3021,S08,low
1778951011.9256837,KEY_RELEASE,,,,,,,,,,g,0.114,S08,low
1778951012.9724257,KEY_PRESS,,,,,,,,,,Key.space,1.0467,S08,low
1778951013.1050262,KEY_RELEASE,,,,,,,,,,Key.space,0.1326,S08,low
1778951013.3623722,KEY_PRESS,,,,,,,,,,t,0.2573,S08,low
1778951013.458779,KEY_RELEASE,,,,,,,,,,t,0.0964,S08,low
1778951013.4750564,KEY_PRESS,,,,,,,,,,h,0.0163,S08,low
1778951013.5804682,KEY_RELEASE,,,,,,,,,,h,0.1054,S08,low
1778951013.6090515,KEY_PRESS,,,,,,,,,,e,0.0286,S08,low
1778951013.7147264,KEY_RELEASE,,,,,,,,,,e,0.1057,S08,low
1778951013.7791424,KEY_PRESS,,,,,,,,,,Key.space,0.0644,S08,low
1778951013.911345,KEY_RELEASE,,,,,,,,,,Key.space,0.1322,S08,low
1778951013.9835727,KEY_PRESS,,,,,,,,,,d,0.0722,S08,low
1778951014.1327732,KEY_RELEASE,,,,,,,,,,d,0.1492,S08,low
1778951014.2726383,KEY_PRESS,,,,,,,,,,a,0.1399,S08,low
1778951014.3603973,KEY_RELEASE,,,,,,,,,,a,0.0878,S08,low
1778951015.9746149,KEY_PRESS,,,,,,,,,,Key.backspace,1.6142,S08,low
1778951016.0710702,KEY_RELEASE,,,,,,,,,,Key.backspace,0.0965,S08,low
1778951016.1827881,KEY_PRESS,,,,,,,,,,o,0.1117,S08,low
1778951016.2878172,KEY_RELEASE,,,,,,,,,,o,0.105,S08,low
1778951016.337321,KEY_PRESS,,,,,,,,,,g,0.0495,S08,low
1778951016.4427793,KEY_RELEASE,,,,,,,,,,g,0.1055,S08,low
1778951016.5093524,KEY_PRESS,,,,,,,,,,Key.space,0.0666,S08,low
1778951016.6236324,KEY_RELEASE,,,,,,,,,,Key.space,0.1143,S08,low
1778951016.7748694,KEY_PRESS,,,,,,,,,,i,0.1512,S08,low
1778951016.871257,KEY_RELEASE,,,,,,,,,,i,0.0964,S08,low
1778951016.9435773,KEY_PRESS,,,,,,,,,,s,0.0723,S08,low
1778951017.076307,KEY_RELEASE,,,,,,,,,,s,0.1327,S08,low
1778951017.1123781,KEY_PRESS,,,,,,,,,,Key.space,0.0361,S08,low
1778951017.1997132,KEY_RELEASE,,,,,,,,,,Key.space,0.0873,S08,low
1778951017.2865076,KEY_PRESS,,,,,,,,,,s,0.0868,S08,low
1778951017.376483,KEY_PRESS,,,,,,,,,,l,0.09,S08,low
1778951017.408111,KEY_RELEASE,,,,,,,,,,s,0.0316,S08,low
1778951017.488815,KEY_RELEASE,,,,,,,,,,l,0.0807,S08,low
1778951017.6424623,KEY_PRESS,,,,,,,,,,p,0.1536,S08,low
1778951017.7028117,KEY_RELEASE,,,,,,,,,,p,0.0603,S08,low
1778951017.9632907,KEY_PRESS,,,,,,,,,,Key.backspace,0.2605,S08,low
1778951018.0507827,KEY_RELEASE,,,,,,,,,,Key.backspace,0.0875,S08,low
1778951018.1142979,KEY_PRESS,,,,,,,,,,e,0.0635,S08,low
1778951018.1839175,KEY_RELEASE,,,,,,,,,,e,0.0696,S08,low
1778951018.2645435,KEY_PRESS,,,,,,,,,,e,0.0806,S08,low
1778951018.3609524,KEY_RELEASE,,,,,,,,,,e,0.0964,S08,low
1778951018.381272,KEY_PRESS,,,,,,,,,,p,0.0203,S08,low
1778951018.4687388,KEY_RELEASE,,,,,,,,,,p,0.0875,S08,low
1778951018.6945896,KEY_PRESS,,,,,,,,,,i,0.2259,S08,low
1778951018.782037,KEY_RELEASE,,,,,,,,,,i,0.0874,S08,low
1778951018.824469,KEY_PRESS,,,,,,,,,,n,0.0424,S08,low
1778951018.9387937,KEY_RELEASE,,,,,,,,,,n,0.1143,S08,low
1778951018.9835439,KEY_PRESS,,,,,,,,,,g,0.0448,S08,low
1778951019.0892818,KEY_RELEASE,,,,,,,,,,g,0.1057,S08,low
1778951019.1712303,KEY_PRESS,,,,,,,,,,Key.space,0.0819,S08,low
1778951019.2764683,KEY_RELEASE,,,,,,,,,,Key.space,0.1052,S08,low
1778951019.5877256,KEY_PRESS,,,,,,,,,,i,0.3113,S08,low
1778951019.6661355,KEY_RELEASE,,,,,,,,,,i,0.0784,S08,low
1778951019.7498968,KEY_PRESS,,,,,,,,,,n,0.0838,S08,low
1778951019.8641431,KEY_RELEASE,,,,,,,,,,n,0.1142,S08,low
1778951019.9101014,KEY_PRESS,,,,,,,,,,Key.space,0.046,S08,low
1778951020.006428,KEY_RELEASE,,,,,,,,,,Key.space,0.0963,S08,low
1778951020.4836516,KEY_PRESS,,,,,,,,,,h,0.4772,S08,low
1778951020.6053855,KEY_PRESS,,,,,,,,,,i,0.1217,S08,low
1778951020.606175,KEY_RELEASE,,,,,,,,,,h,0.0008,S08,low
1778951020.710725,KEY_RELEASE,,,,,,,,,,i,0.1046,S08,low
1778951020.8417711,KEY_PRESS,,,,,,,,,,s,0.131,S08,low
1778951020.9381087,KEY_RELEASE,,,,,,,,,,s,0.0963,S08,low
1778951021.0586584,KEY_PRESS,,,,,,,,,,Key.space,0.1205,S08,low
1778951021.13915,KEY_RELEASE,,,,,,,,,,Key.space,0.0805,S08,low
1778951022.375875,KEY_PRESS,,,,,,,,,,h,1.2367,S08,low
1778951022.4633312,KEY_RELEASE,,,,,,,,,,h,0.0875,S08,low
1778951022.4997559,KEY_PRESS,,,,,,,,,,o,0.0364,S08,low
1778951022.6044188,KEY_PRESS,,,,,,,,,,u,0.1047,S08,low
1778951022.6214917,KEY_RELEASE,,,,,,,,,,o,0.0171,S08,low
1778951022.6895752,KEY_RELEASE,,,,,,,,,,u,0.0681,S08,low
1778951022.734919,KEY_PRESS,,,,,,,,,,s,0.0453,S08,low
1778951022.840331,KEY_RELEASE,,,,,,,,,,s,0.1054,S08,low
1778951022.9053938,KEY_PRESS,,,,,,,,,,e,0.0651,S08,low
1778951023.019722,KEY_RELEASE,,,,,,,,,,e,0.1143,S08,low
1778951023.1139073,KEY_PRESS,,,,,,,,,,Key.space,0.0942,S08,low
1778951023.1925077,KEY_RELEASE,,,,,,,,,,Key.space,0.0786,S08,low
1778951023.295552,KEY_PRESS,,,,,,,,,,a,0.103,S08,low
1778951023.4078166,KEY_PRESS,,,,,,,,,,n,0.1123,S08,low
1778951023.4089322,KEY_RELEASE,,,,,,,,,,a,0.0011,S08,low
1778951023.5062864,KEY_RELEASE,,,,,,,,,,n,0.0974,S08,low
1778951023.5863242,KEY_PRESS,,,,,,,,,,d,0.08,S08,low
1778951023.6497872,KEY_PRESS,,,,,,,,,,Key.space,0.0635,S08,low
1778951023.680591,KEY_RELEASE,,,,,,,,,,d,0.0308,S08,low
1778951023.7441514,KEY_RELEASE,,,,,,,,,,Key.space,0.0636,S08,low
1778951023.9548616,KEY_PRESS,,,,,,,,,,t,0.2107,S08,low
1778951024.0143683,KEY_PRESS,,,,,,,,,,h,0.0595,S08,low
1778951024.015005,KEY_RELEASE,,,,,,,,,,t,0.0006,S08,low
1778951024.1165257,KEY_RELEASE,,,,,,,,,,h,0.1015,S08,low
1778951024.1171432,KEY_PRESS,,,,,,,,,,e,0.0006,S08,low
1778951024.2396433,KEY_RELEASE,,,,,,,,,,e,0.1225,S08,low
1778951024.269534,KEY_PRESS,,,,,,,,,,Key.space,0.0299,S08,low
1778951024.3574219,KEY_RELEASE,,,,,,,,,,Key.space,0.0879,S08,low
1778951024.7954373,KEY_PRESS,,,,,,,,,,q,0.438,S08,low
1778951024.9166918,KEY_PRESS,,,,,,,,,,u,0.1213,S08,low
1778951024.917608,KEY_RELEASE,,,,,,,,,,q,0.0009,S08,low
1778951025.0149183,KEY_RELEASE,,,,,,,,,,u,0.0973,S08,low
1778951025.247513,KEY_PRESS,,,,,,,,,,i,0.2326,S08,low
1778951025.3354037,KEY_RELEASE,,,,,,,,,,i,0.0879,S08,low
1778951025.4191844,KEY_PRESS,,,,,,,,,,c,0.0838,S08,low
1778951025.5475643,KEY_PRESS,,,,,,,,,,k,0.1284,S08,low
1778951025.5485213,KEY_RELEASE,,,,,,,,,,c,0.001,S08,low
1778951025.674591,KEY_RELEASE,,,,,,,,,,k,0.1261,S08,low
1778951025.9150515,KEY_PRESS,,,,,,,,,,Key.space,0.2405,S08,low
1778951026.0116837,KEY_RELEASE,,,,,,,,,,Key.space,0.0966,S08,low
1778951026.3555162,KEY_PRESS,,,,,,,,,,b,0.3438,S08,low
1778951026.4611347,KEY_RELEASE,,,,,,,,,,b,0.1056,S08,low
1778951026.6168432,KEY_PRESS,,,,,,,,,,r,0.1557,S08,low
1778951026.7312348,KEY_RELEASE,,,,,,,,,,r,0.1144,S08,low
1778951026.7490351,KEY_PRESS,,,,,,,,,,o,0.0178,S08,low
1778951026.8368971,KEY_RELEASE,,,,,,,,,,o,0.0879,S08,low
1778951026.8914568,KEY_PRESS,,,,,,,,,,w,0.0546,S08,low
1778951027.0149832,KEY_RELEASE,,,,,,,,,,w,0.1235,S08,low
1778951027.0338671,KEY_PRESS,,,,,,,,,,n,0.0189,S08,low
1778951027.1481931,KEY_RELEASE,,,,,,,,,,n,0.1143,S08,low
1778951027.398654,KEY_PRESS,,,,,,,,,,Key.space,0.2505,S08,low
1778951027.5219285,KEY_RELEASE,,,,,,,,,,Key.space,0.1233,S08,low
1778951027.6467662,KEY_PRESS,,,,,,,,,,f,0.1248,S08,low
1778951027.7683952,KEY_PRESS,,,,,,,,,,o,0.1216,S08,low
1778951027.7689214,KEY_RELEASE,,,,,,,,,,f,0.0005,S08,low
1778951027.8479626,KEY_RELEASE,,,,,,,,,,o,0.079,S08,low
1778951028.577645,KEY_PRESS,,,,,,,,,,x,0.7297,S08,low
1778951028.7200756,KEY_PRESS,,,,,,,,,,Key.space,0.1424,S08,low
1778951028.7209697,KEY_RELEASE,,,,,,,,,,x,0.0009,S08,low
1778951028.798173,KEY_RELEASE,,,,,,,,,,Key.space,0.0772,S08,low
1778951028.909014,KEY_PRESS,,,,,,,,,,j,0.1108,S08,low
1778951029.023009,KEY_RELEASE,,,,,,,,,,j,0.114,S08,low
1778951029.1304698,KEY_PRESS,,,,,,,,,,u,0.1075,S08,low
1778951029.2112374,KEY_RELEASE,,,,,,,,,,u,0.0808,S08,low
1778951029.3382149,KEY_PRESS,,,,,,,,,,m,0.127,S08,low
1778951029.4520748,KEY_RELEASE,,,,,,,,,,m,0.1139,S08,low
1778951029.5007966,KEY_PRESS,,,,,,,,,,p,0.0487,S08,low
1778951029.6126435,KEY_RELEASE,,,,,,,,,,p,0.1118,S08,low
1778951029.6684098,KEY_PRESS,,,,,,,,,,s,0.0558,S08,low
1778951029.8094463,KEY_RELEASE,,,,,,,,,,s,0.141,S08,low
1778951029.8288343,KEY_PRESS,,,,,,,,,,Key.space,0.0194,S08,low
1778951029.9251623,KEY_RELEASE,,,,,,,,,,Key.space,0.0963,S08,low
1778951029.99204,KEY_PRESS,,,,,,,,,,o,0.0669,S08,low
1778951030.0706315,KEY_RELEASE,,,,,,,,,,o,0.0786,S08,low
1778951030.1920466,KEY_PRESS,,,,,,,,,,v,0.1214,S08,low
1778951030.2972393,KEY_RELEASE,,,,,,,,,,v,0.1052,S08,low
1778951030.3813422,KEY_PRESS,,,,,,,,,,e,0.0841,S08,low
1778951030.4934871,KEY_PRESS,,,,,,,,,,r,0.1121,S08,low
1778951030.5177948,KEY_RELEASE,,,,,,,,,,e,0.0243,S08,low
1778951030.5878665,KEY_RELEASE,,,,,,,,,,r,0.0701,S08,low
1778951030.6097286,KEY_PRESS,,,,,,,,,,Key.space,0.0219,S08,low
1778951030.6972191,KEY_RELEASE,,,,,,,,,,Key.space,0.0875,S08,low
1778951030.7654557,KEY_PRESS,,,,,,,,,,t,0.0682,S08,low
1778951030.8618248,KEY_RELEASE,,,,,,,,,,t,0.0964,S08,low
1778951030.883097,KEY_PRESS,,,,,,,,,,h,0.0213,S08,low
1778951031.0119894,KEY_RELEASE,,,,,,,,,,h,0.1289,S08,low
1778951031.0131776,KEY_PRESS,,,,,,,,,,e,0.0012,S08,low
1778951031.122508,KEY_RELEASE,,,,,,,,,,e,0.1093,S08,low
1778951031.1595528,KEY_PRESS,,,,,,,,,,Key.space,0.037,S08,low
1778951031.2918313,KEY_RELEASE,,,,,,,,,,Key.space,0.1323,S08,low
1778951031.5325127,KEY_PRESS,,,,,,,,,,l,0.2407,S08,low
1778951031.661877,KEY_RELEASE,,,,,,,,,,l,0.1294,S08,low
1778951031.7084537,KEY_PRESS,,,,,,,,,,a,0.0466,S08,low
1778951031.8046026,KEY_RELEASE,,,,,,,,,,a,0.0961,S08,low
1778951032.0435314,KEY_PRESS,,,,,,,,,,z,0.2389,S08,low
1778951032.209798,KEY_PRESS,,,,,,,,,,y,0.1663,S08,low
1778951032.2102416,KEY_RELEASE,,,,,,,,,,z,0.0004,S08,low
1778951032.3170786,KEY_RELEASE,,,,,,,,,,y,0.1068,S08,low
1778951032.3915157,KEY_PRESS,,,,,,,,,,Key.space,0.0744,S08,low
1778951032.5061562,KEY_RELEASE,,,,,,,,,,Key.space,0.1146,S08,low
1778951032.6353877,KEY_PRESS,,,,,,,,,,d,0.1292,S08,low
1778951032.7299395,KEY_PRESS,,,,,,,,,,o,0.0946,S08,low
1778951032.7527516,KEY_RELEASE,,,,,,,,,,d,0.0228,S08,low
1778951032.8337615,KEY_RELEASE,,,,,,,,,,o,0.081,S08,low
1778951033.0314372,KEY_PRESS,,,,,,,,,,g,0.1977,S08,low
1778951033.1366801,KEY_RELEASE,,,,,,,,,,g,0.1052,S08,low
1778951033.502929,KEY_PRESS,,,,,,,,,,Key.space,0.3662,S08,low
1778951033.6351714,KEY_RELEASE,,,,,,,,,,Key.space,0.1322,S08,low
1778951033.8877883,KEY_PRESS,,,,,,,,,,t,0.2526,S08,low
1778951034.0008328,KEY_PRESS,,,,,,,,,,h,0.113,S08,low
1778951034.001681,KEY_RELEASE,,,,,,,,,,t,0.0008,S08,low
1778951034.120898,KEY_RELEASE,,,,,,,,,,h,0.1192,S08,low
1778951034.121493,KEY_PRESS,,,,,,,,,,e,0.0006,S08,low
1778951034.2171004,KEY_RELEASE,,,,,,,,,,e,0.0956,S08,low
1778951034.2440352,KEY_PRESS,,,,,,,,,,Key.space,0.0269,S08,low
1778951034.331492,KEY_RELEASE,,,,,,,,,,Key.space,0.0875,S08,low
1778951034.4432778,KEY_PRESS,,,,,,,,,,d,0.1118,S08,low
1778951034.5840404,KEY_PRESS,,,,,,,,,,o,0.1408,S08,low
1778951034.5850227,KEY_RELEASE,,,,,,,,,,d,0.001,S08,low
1778951034.6716266,KEY_RELEASE,,,,,,,,,,o,0.0866,S08,low
1778951034.973727,KEY_PRESS,,,,,,,,,,g,0.3021,S08,low
1778951035.0790539,KEY_RELEASE,,,,,,,,,,g,0.1053,S08,low
1778951035.1342962,KEY_PRESS,,,,,,,,,,Key.space,0.0552,S08,low
1778951035.2395804,KEY_RELEASE,,,,,,,,,,Key.space,0.1053,S08,low
1778951035.3043313,KEY_PRESS,,,,,,,,,,i,0.0648,S08,low
1778951035.4006116,KEY_RELEASE,,,,,,,,,,i,0.0963,S08,low
1778951035.4312892,KEY_PRESS,,,,,,,,,,s,0.0307,S08,low
1778951035.5370784,KEY_RELEASE,,,,,,,,,,s,0.1058,S08,low
1778951035.5557508,KEY_PRESS,,,,,,,,,,Key.space,0.0187,S08,low
1778951035.652257,KEY_RELEASE,,,,,,,,,,Key.space,0.0965,S08,low
1778951035.759555,KEY_PRESS,,,,,,,,,,s,0.1073,S08,low
1778951035.8879626,KEY_PRESS,,,,,,,,,,l,0.1284,S08,low
1778951035.8885813,KEY_RELEASE,,,,,,,,,,s,0.0006,S08,low
1778951035.9779646,KEY_RELEASE,,,,,,,,,,l,0.0894,S08,low
1778951036.0613701,KEY_PRESS,,,,,,,,,,e,0.0834,S08,low
1778951036.1411262,KEY_RELEASE,,,,,,,,,,e,0.0798,S08,low
1778951036.2353468,KEY_PRESS,,,,,,,,,,e,0.0942,S08,low
1778951036.3222666,KEY_RELEASE,,,,,,,,,,e,0.0869,S08,low
1778951036.3405333,KEY_PRESS,,,,,,,,,,p,0.0183,S08,low
1778951036.4457803,KEY_RELEASE,,,,,,,,,,p,0.1052,S08,low
1778951036.7310588,KEY_PRESS,,,,,,,,,,i,0.2853,S08,low
1778951036.8270056,KEY_RELEASE,,,,,,,,,,i,0.0959,S08,low
1778951036.8690467,KEY_PRESS,,,,,,,,,,n,0.042,S08,low
1778951036.9923127,KEY_RELEASE,,,,,,,,,,n,0.1233,S08,low
1778951037.0373724,KEY_PRESS,,,,,,,,,,g,0.0451,S08,low
1778951037.1582305,KEY_PRESS,,,,,,,,,,Key.space,0.1209,S08,low
1778951037.1590548,KEY_RELEASE,,,,,,,,,,g,0.0008,S08,low
1778951037.2391856,KEY_RELEASE,,,,,,,,,,Key.space,0.0801,S08,low
1778951037.3022273,KEY_PRESS,,,,,,,,,,i,0.063,S08,low
1778951037.3986623,KEY_RELEASE,,,,,,,,,,i,0.0964,S08,low
1778951037.4768183,KEY_PRESS,,,,,,,,,,n,0.0782,S08,low
1778951037.5913827,KEY_RELEASE,,,,,,,,,,n,0.1146,S08,low
1778951037.6172748,KEY_PRESS,,,,,,,,,,Key.space,0.0259,S08,low
1778951037.7228115,KEY_RELEASE,,,,,,,,,,Key.space,0.1055,S08,low
1778951037.8499444,KEY_PRESS,,,,,,,,,,h,0.1271,S08,low
1778951037.9378026,KEY_PRESS,,,,,,,,,,i,0.0879,S08,low
1778951037.9618535,KEY_RELEASE,,,,,,,,,,h,0.0241,S08,low
1778951038.0522885,KEY_RELEASE,,,,,,,,,,i,0.0904,S08,low
1778951038.4323292,KEY_PRESS,,,,,,,,,,Key.backspace,0.38,S08,low
1778951038.5287738,KEY_RELEASE,,,,,,,,,,Key.backspace,0.0964,S08,low
1778951038.879908,KEY_PRESS,,,,,,,,,,i,0.3511,S08,low
1778951038.9938428,KEY_RELEASE,,,,,,,,,,i,0.1139,S08,low
1778951039.094642,KEY_PRESS,,,,,,,,,,s,0.1008,S08,low
1778951039.1744099,KEY_PRESS,,,,,,,,,,Key.space,0.0798,S08,low
1778951039.175299,KEY_RELEASE,,,,,,,,,,s,0.0009,S08,low
1778951039.2618287,KEY_RELEASE,,,,,,,,,,Key.space,0.0865,S08,low
1778951039.3234844,KEY_PRESS,,,,,,,,,,h,0.0617,S08,low
1778951039.4281693,KEY_PRESS,,,,,,,,,,o,0.1047,S08,low
1778951039.4287453,KEY_RELEASE,,,,,,,,,,h,0.0006,S08,low
1778951039.514507,KEY_PRESS,,,,,,,,,,u,0.0858,S08,low
1778951039.5404553,KEY_RELEASE,,,,,,,,,,o,0.0259,S08,low
1778951039.6000054,KEY_RELEASE,,,,,,,,,,u,0.0596,S08,low
1778951039.632053,KEY_PRESS,,,,,,,,,,s,0.032,S08,low
1778951039.7195275,KEY_RELEASE,,,,,,,,,,s,0.0875,S08,low
1778951039.7659717,KEY_PRESS,,,,,,,,,,e,0.0464,S08,low
1778951039.889254,KEY_RELEASE,,,,,,,,,,e,0.1233,S08,low
1778951039.9589736,KEY_PRESS,,,,,,,,,,Key.space,0.0697,S08,low
1778951040.0819852,KEY_RELEASE,,,,,,,,,,Key.space,0.123,S08,low
1778951040.1607547,KEY_PRESS,,,,,,,,,,a,0.0788,S08,low
1778951040.257028,KEY_RELEASE,,,,,,,,,,a,0.0963,S08,low
1778951040.2751713,KEY_PRESS,,,,,,,,,,n,0.0181,S08,low
1778951040.3716252,KEY_RELEASE,,,,,,,,,,n,0.0965,S08,low
1778951040.4087675,KEY_PRESS,,,,,,,,,,d,0.0371,S08,low
1778951040.5418956,KEY_PRESS,,,,,,,,,,Key.space,0.1331,S08,low
1778951040.5430522,KEY_RELEASE,,,,,,,,,,d,0.0012,S08,low
1778951040.638231,KEY_RELEASE,,,,,,,,,,Key.space,0.0952,S08,low
1778951040.730204,KEY_PRESS,,,,,,,,,,h,0.092,S08,low
1778951040.817212,KEY_RELEASE,,,,,,,,,,h,0.087,S08,low
1778951040.9481578,KEY_PRESS,,,,,,,,,,e,0.1309,S08,low
1778951041.062491,KEY_RELEASE,,,,,,,,,,e,0.1143,S08,low
1778951041.1033309,KEY_PRESS,,,,,,,,,,Key.space,0.0408,S08,low
1778951041.1906266,KEY_RELEASE,,,,,,,,,,Key.space,0.0873,S08,low
1778951041.3033147,KEY_PRESS,,,,,,,,,,w,0.1127,S08,low
1778951041.44443,KEY_RELEASE,,,,,,,,,,w,0.1411,S08,low
1778951041.5440257,KEY_PRESS,,,,,,,,,,a,0.0996,S08,low
1778951041.6314347,KEY_RELEASE,,,,,,,,,,a,0.0874,S08,low
1778951041.9002495,KEY_PRESS,,,,,,,,,,s,0.2688,S08,low
1778951042.014027,KEY_RELEASE,,,,,,,,,,s,0.1138,S08,low
1778951042.0857084,KEY_PRESS,,,,,,,,,,Key.space,0.0717,S08,low
1778951042.1821914,KEY_RELEASE,,,,,,,,,,Key.space,0.0965,S08,low
1778951042.3720303,KEY_PRESS,,,,,,,,,,d,0.1898,S08,low
1778951042.4854736,KEY_PRESS,,,,,,,,,,i,0.1134,S08,low
1778951042.4862778,KEY_RELEASE,,,,,,,,,,d,0.0008,S08,low
1778951042.5642412,KEY_RELEASE,,,,,,,,,,i,0.078,S08,low
1778951042.593948,KEY_PRESS,,,,,,,,,,s,0.0297,S08,low
1778951042.6906307,KEY_RELEASE,,,,,,,,,,s,0.0967,S08,low
1778951042.9860582,KEY_PRESS,,,,,,,,,,r,0.2954,S08,low
1778951043.0377908,KEY_RELEASE,,,,,,,,,,r,0.0517,S08,low
1778951043.3462753,KEY_PRESS,,,,,,,,,,Key.backspace,0.3085,S08,low
1778951043.4605188,KEY_RELEASE,,,,,,,,,,Key.backspace,0.1142,S08,low
1778951043.5411162,KEY_PRESS,,,,,,,,,,t,0.0806,S08,low
1778951043.6198254,KEY_RELEASE,,,,,,,,,,t,0.0787,S08,low
1778951043.644417,KEY_PRESS,,,,,,,,,,u,0.0246,S08,low
1778951043.7394574,KEY_RELEASE,,,,,,,,,,u,0.095,S08,low
1778951043.740252,KEY_PRESS,,,,,,,,,,r,0.0008,S08,low
1778951043.8448172,KEY_RELEASE,,,,,,,,,,r,0.1046,S08,low
1778951043.9654262,KEY_PRESS,,,,,,,,,,p,0.1206,S08,low
1778951044.0614753,KEY_RELEASE,,,,,,,,,,p,0.096,S08,low
1778951044.5097482,KEY_PRESS,,,,,,,,,,Key.backspace,0.4483,S08,low
1778951044.6241188,KEY_RELEASE,,,,,,,,,,Key.backspace,0.1144,S08,low
1778951044.6668172,KEY_PRESS,,,,,,,,,,b,0.0427,S08,low
1778951044.7626412,KEY_RELEASE,,,,,,,,,,b,0.0958,S08,low
1778951044.8698978,KEY_PRESS,,,,,,,,,,e,0.1073,S08,low
1778951044.9392543,KEY_RELEASE,,,,,,,,,,e,0.0694,S08,low
1778951045.0776486,KEY_PRESS,,,,,,,,,,d,0.1384,S08,low
1778951045.2276795,KEY_RELEASE,,,,,,,,,,d,0.15,S08,low
1778951045.3097434,KEY_PRESS,,,,,,,,,,Key.space,0.0821,S08,low
1778951045.396963,KEY_RELEASE,,,,,,,,,,Key.space,0.0872,S08,low
1778951045.5375373,KEY_PRESS,,,,,,,,,,t,0.1406,S08,low
1778951045.643087,KEY_RELEASE,,,,,,,,,,t,0.1055,S08,low
1778951045.9037158,KEY_PRESS,,,,,,,,,,Key.backspace,0.2606,S08,low
1778951046.0000458,KEY_RELEASE,,,,,,,,,,Key.backspace,0.0963,S08,low
1778951046.083449,KEY_PRESS,,,,,,,,,,b,0.0834,S08,low
1778951046.1963654,KEY_PRESS,,,,,,,,,,y,0.1129,S08,low
1778951046.1972072,KEY_RELEASE,,,,,,,,,,b,0.0008,S08,low
1778951046.2928336,KEY_RELEASE,,,,,,,,,,y,0.0956,S08,low
1778951046.3381262,KEY_PRESS,,,,,,,,,,Key.space,0.0453,S08,low
1778951046.4166327,KEY_RELEASE,,,,,,,,,,Key.space,0.0785,S08,low
1778951046.522336,KEY_PRESS,,,,,,,,,,t,0.1057,S08,low
1778951046.6103413,KEY_PRESS,,,,,,,,,,h,0.088,S08,low
1778951046.6344032,KEY_RELEASE,,,,,,,,,,t,0.0241,S08,low
1778951046.7133172,KEY_RELEASE,,,,,,,,,,h,0.0789,S08,low
1778951046.8035257,KEY_PRESS,,,,,,,,,,e,0.0902,S08,low
1778951046.8823733,KEY_RELEASE,,,,,,,,,,e,0.0788,S08,low
1778951046.900881,KEY_PRESS,,,,,,,,,,Key.space,0.0185,S08,low
1778951047.0151372,KEY_RELEASE,,,,,,,,,,Key.space,0.1143,S08,low
1778951047.6510427,KEY_PRESS,,,,,,,,,,q,0.6359,S08,low
1778951047.772732,KEY_PRESS,,,,,,,,,,u,0.1217,S08,low
1778951047.773318,KEY_RELEASE,,,,,,,,,,q,0.0006,S08,low
1778951047.8622026,KEY_RELEASE,,,,,,,,,,u,0.0889,S08,low
1778951047.9618654,KEY_PRESS,,,,,,,,,,i,0.0997,S08,low
1778951048.0579133,KEY_RELEASE,,,,,,,,,,i,0.096,S08,low
1778951048.0981581,KEY_PRESS,,,,,,,,,,c,0.0402,S08,low
1778951048.2194653,KEY_PRESS,,,,,,,,,,k,0.1213,S08,low
1778951048.2207298,KEY_RELEASE,,,,,,,,,,c,0.0013,S08,low
1778951048.3620696,KEY_RELEASE,,,,,,,,,,k,0.1413,S08,low
1778951048.4174104,KEY_PRESS,,,,,,,,,,Key.space,0.0553,S08,low
1778951048.5227911,KEY_RELEASE,,,,,,,,,,Key.space,0.1054,S08,low
1778951048.6362624,KEY_PRESS,,,,,,,,,,b,0.1135,S08,low
1778951048.7326808,KEY_RELEASE,,,,,,,,,,b,0.0964,S08,low
1778951048.8538013,KEY_PRESS,,,,,,,,,,r,0.1211,S08,low
1778951049.0069304,KEY_RELEASE,,,,,,,,,,r,0.1531,S08,low
1778951049.1888523,KEY_PRESS,,,,,,,,,,o,0.1819,S08,low
1778951049.285329,KEY_RELEASE,,,,,,,,,,o,0.0965,S08,low
1778951049.3817084,KEY_PRESS,,,,,,,,,,w,0.0964,S08,low
1778951049.4960155,KEY_RELEASE,,,,,,,,,,w,0.1143,S08,low
1778951049.5139067,KEY_PRESS,,,,,,,,,,n,0.0179,S08,low
1778951049.6280868,KEY_RELEASE,,,,,,,,,,n,0.1142,S08,low
1778951049.7452781,KEY_PRESS,,,,,,,,,,Key.space,0.1172,S08,low
1778951049.8507383,KEY_RELEASE,,,,,,,,,,Key.space,0.1055,S08,low
1778951049.9774067,KEY_PRESS,,,,,,,,,,f,0.1267,S08,low
1778951050.1266925,KEY_PRESS,,,,,,,,,,o,0.1493,S08,low
1778951050.127531,KEY_RELEASE,,,,,,,,,,f,0.0008,S08,low
1778951050.214,KEY_RELEASE,,,,,,,,,,o,0.0865,S08,low
1778951050.4405613,KEY_PRESS,,,,,,,,,,x,0.2266,S08,low
1778951050.554615,KEY_RELEASE,,,,,,,,,,x,0.1141,S08,low
1778951050.7460656,KEY_PRESS,,,,,,,,,,Key.space,0.1915,S08,low
1778951050.8687708,KEY_RELEASE,,,,,,,,,,Key.space,0.1227,S08,low
1778951051.0151627,KEY_PRESS,,,,,,,,,,w,0.1464,S08,low
1778951051.1041305,KEY_PRESS,,,,,,,,,,h,0.089,S08,low
1778951051.145182,KEY_RELEASE,,,,,,,,,,w,0.0411,S08,low
1778951051.2055392,KEY_PRESS,,,,,,,,,,o,0.0604,S08,low
1778951051.2064638,KEY_RELEASE,,,,,,,,,,h,0.0009,S08,low
1778951051.312021,KEY_RELEASE,,,,,,,,,,o,0.1056,S08,low
1778951051.379578,KEY_PRESS,,,,,,,,,,Key.space,0.0676,S08,low
1778951051.4849522,KEY_RELEASE,,,,,,,,,,Key.space,0.1054,S08,low
1778951051.762882,KEY_PRESS,,,,,,,,,,j,0.2779,S08,low
1778951051.8147056,KEY_RELEASE,,,,,,,,,,j,0.0518,S08,low
1778951051.8944092,KEY_PRESS,,,,,,,,,,u,0.0797,S08,low
1778951051.9731715,KEY_RELEASE,,,,,,,,,,u,0.0788,S08,low
1778951052.1244233,KEY_PRESS,,,,,,,,,,m,0.1513,S08,low
1778951052.2385707,KEY_RELEASE,,,,,,,,,,m,0.1141,S08,low
1778951052.314581,KEY_PRESS,,,,,,,,,,p,0.076,S08,low
1778951052.428003,KEY_RELEASE,,,,,,,,,,p,0.1134,S08,low
1778951052.52424,KEY_PRESS,,,,,,,,,,e,0.0962,S08,low
1778951052.6114764,KEY_RELEASE,,,,,,,,,,e,0.0872,S08,low
1778951052.7106304,KEY_PRESS,,,,,,,,,,d,0.0992,S08,low
1778951052.8435683,KEY_PRESS,,,,,,,,,,Key.space,0.1329,S08,low
1778951052.844474,KEY_RELEASE,,,,,,,,,,d,0.0009,S08,low
1778951052.922049,KEY_RELEASE,,,,,,,,,,Key.space,0.0776,S08,low
1778951052.986151,KEY_PRESS,,,,,,,,,,o,0.0641,S08,low
1778951053.0733569,KEY_RELEASE,,,,,,,,,,o,0.0872,S08,low
1778951053.1241634,KEY_PRESS,,,,,,,,,,v,0.0508,S08,low
1778951053.2112906,KEY_RELEASE,,,,,,,,,,v,0.0871,S08,low
1778951053.2902021,KEY_PRESS,,,,,,,,,,e,0.0789,S08,low
1778951053.3865151,KEY_PRESS,,,,,,,,,,r,0.0963,S08,low
1778951053.411142,KEY_RELEASE,,,,,,,,,,e,0.0246,S08,low
1778951053.490155,KEY_RELEASE,,,,,,,,,,r,0.079,S08,low
1778951053.5749197,KEY_PRESS,,,,,,,,,,Key.space,0.0848,S08,low
1778951053.6624775,KEY_RELEASE,,,,,,,,,,Key.space,0.0876,S08,low
1778951053.9427123,KEY_PRESS,,,,,,,,,,h,0.2802,S08,low
1778951054.0365143,KEY_RELEASE,,,,,,,,,,h,0.0938,S08,low
1778951054.074323,KEY_PRESS,,,,,,,,,,i,0.0378,S08,low
1778951054.1879528,KEY_RELEASE,,,,,,,,,,i,0.1136,S08,low
1778951054.2229934,KEY_PRESS,,,,,,,,,,m,0.035,S08,low
1778951054.3726563,KEY_RELEASE,,,,,,,,,,m,0.1497,S08,low
1778951054.4899137,KEY_PRESS,,,,,,,,,,Key.space,0.1173,S08,low
1778951054.6308234,KEY_RELEASE,,,,,,,,,,Key.space,0.1409,S08,low
1778951055.4591966,KEY_PRESS,,,,,,,,,,i,0.8284,S08,low
1778951055.5372534,KEY_RELEASE,,,,,,,,,,i,0.0781,S08,low
1778951055.6087575,KEY_PRESS,,,,,,,,,,n,0.0715,S08,low
1778951055.7231007,KEY_RELEASE,,,,,,,,,,n,0.1143,S08,low
1778951055.7930677,KEY_PRESS,,,,,,,,,,Key.space,0.07,S08,low
1778951055.880579,KEY_RELEASE,,,,,,,,,,Key.space,0.0875,S08,low
1778951055.9748354,KEY_PRESS,,,,,,,,,,h,0.0943,S08,low
1778951056.115923,KEY_RELEASE,,,,,,,,,,h,0.1411,S08,low
1778951056.1366224,KEY_PRESS,,,,,,,,,,i,0.0207,S08,low
1778951056.2512202,KEY_RELEASE,,,,,,,,,,i,0.1146,S08,low
1778951056.5543866,KEY_PRESS,,,,,,,,,,s,0.3032,S08,low
1778951056.6598825,KEY_RELEASE,,,,,,,,,,s,0.1055,S08,low
1778951056.7180204,KEY_PRESS,,,,,,,,,,Key.space,0.0581,S08,low
1778951056.814536,KEY_RELEASE,,,,,,,,,,Key.space,0.0965,S08,low
1778951056.9608378,KEY_PRESS,,,,,,,,,,h,0.1463,S08,low
1778951057.0483274,KEY_RELEASE,,,,,,,,,,h,0.0875,S08,low
1778951057.0718825,KEY_PRESS,,,,,,,,,,o,0.0236,S08,low
1778951057.1581807,KEY_PRESS,,,,,,,,,,u,0.0863,S08,low
1778951057.1840656,KEY_RELEASE,,,,,,,,,,o,0.0259,S08,low
1778951057.2436774,KEY_RELEASE,,,,,,,,,,u,0.0596,S08,low
1778951057.3014598,KEY_PRESS,,,,,,,,,,s,0.0578,S08,low
1778951057.4156158,KEY_RELEASE,,,,,,,,,,s,0.1142,S08,low
1778951057.48515,KEY_PRESS,,,,,,,,,,e,0.0695,S08,low
1778951057.6170604,KEY_RELEASE,,,,,,,,,,e,0.1319,S08,low
1778951057.7624874,KEY_PRESS,,,,,,,,,,Key.space,0.1454,S08,low
1778951057.89472,KEY_RELEASE,,,,,,,,,,Key.space,0.1322,S08,low
1778951058.0350685,KEY_PRESS,,,,,,,,,,w,0.1403,S08,low
1778951058.1151123,KEY_PRESS,,,,,,,,,,h,0.08,S08,low
1778951058.1564417,KEY_RELEASE,,,,,,,,,,w,0.0413,S08,low
1778951058.191644,KEY_PRESS,,,,,,,,,,i,0.0352,S08,low
1778951058.2249377,KEY_RELEASE,,,,,,,,,,h,0.0333,S08,low
1778951058.2865593,KEY_RELEASE,,,,,,,,,,i,0.0616,S08,low
1778951058.4151382,KEY_PRESS,,,,,,,,,,l,0.1286,S08,low
1778951058.553706,KEY_RELEASE,,,,,,,,,,l,0.1386,S08,low
1778951058.5545235,KEY_PRESS,,,,,,,,,,e,0.0008,S08,low
1778951058.6848059,KEY_PRESS,,,,,,,,,,Key.space,0.1303,S08,low
1778951058.6858182,KEY_RELEASE,,,,,,,,,,e,0.001,S08,low
1778951058.7901642,KEY_RELEASE,,,,,,,,,,Key.space,0.1043,S08,low
1778951058.9040813,KEY_PRESS,,,,,,,,,,h,0.1139,S08,low
1778951059.008703,KEY_RELEASE,,,,,,,,,,h,0.1046,S08,low
1778951059.0576532,KEY_PRESS,,,,,,,,,,e,0.049,S08,low
1778951059.1719575,KEY_RELEASE,,,,,,,,,,e,0.1143,S08,low
1778951059.2002673,KEY_PRESS,,,,,,,,,,Key.space,0.0283,S08,low
1778951059.314564,KEY_RELEASE,,,,,,,,,,Key.space,0.1143,S08,low
1778951059.4020627,KEY_PRESS,,,,,,,,,,w,0.0875,S08,low
1778951059.5149536,KEY_PRESS,,,,,,,,,,a,0.1129,S08,low
1778951059.558215,KEY_RELEASE,,,,,,,,,,w,0.0433,S08,low
1778951059.6364279,KEY_RELEASE,,,,,,,,,,a,0.0782,S08,low
1778951059.738173,KEY_PRESS,,,,,,,,,,s,0.1017,S08,low
1778951059.8626325,KEY_RELEASE,,,,,,,,,,s,0.1245,S08,low
1778951059.9088855,KEY_PRESS,,,,,,,,,,Key.space,0.0463,S08,low
1778951059.9963386,KEY_RELEASE,,,,,,,,,,Key.space,0.0875,S08,low
1778951060.2270064,KEY_PRESS,,,,,,,,,,s,0.2307,S08,low
1778951060.3506565,KEY_RELEASE,,,,,,,,,,s,0.1237,S08,low
1778951060.369163,KEY_PRESS,,,,,,,,,,l,0.0185,S08,low
1778951060.4653575,KEY_RELEASE,,,,,,,,,,l,0.0962,S08,low
1778951060.5424309,KEY_PRESS,,,,,,,,,,e,0.0771,S08,low
1778951060.60921,KEY_RELEASE,,,,,,,,,,e,0.0668,S08,low
1778951060.7086644,KEY_PRESS,,,,,,,,,,e,0.0995,S08,low
1778951060.769291,KEY_RELEASE,,,,,,,,,,e,0.0606,S08,low
1778951060.8360686,KEY_PRESS,,,,,,,,,,p,0.0668,S08,low
1778951060.9680047,KEY_RELEASE,,,,,,,,,,p,0.1319,S08,low
1778951061.0471187,KEY_PRESS,,,,,,,,,,i,0.0791,S08,low
1778951061.1434762,KEY_RELEASE,,,,,,,,,,i,0.0964,S08,low
1778951061.1962838,KEY_PRESS,,,,,,,,,,n,0.0528,S08,low
1778951061.3105943,KEY_RELEASE,,,,,,,,,,n,0.1143,S08,low
1778951061.373552,KEY_PRESS,,,,,,,,,,g,0.063,S08,low
1778951061.4649122,KEY_RELEASE,,,,,,,,,,g,0.0914,S08,low
1778951061.5838325,KEY_PRESS,,,,,,,,,,Key.space,0.1189,S08,low
1778951061.6694925,KEY_RELEASE,,,,,,,,,,Key.space,0.0857,S08,low
1778951061.9208412,KEY_PRESS,,,,,,,,,,a,0.2513,S08,low
1778951062.0259073,KEY_PRESS,,,,,,,,,,n,0.1051,S08,low
1778951062.0267096,KEY_RELEASE,,,,,,,,,,a,0.0008,S08,low
1778951062.1127188,KEY_RELEASE,,,,,,,,,,n,0.086,S08,low
1778951062.1682768,KEY_PRESS,,,,,,,,,,d,0.0556,S08,low
1778951062.2712126,KEY_PRESS,,,,,,,,,,Key.space,0.1029,S08,low
1778951062.2720532,KEY_RELEASE,,,,,,,,,,d,0.0008,S08,low
1778951062.3530972,KEY_RELEASE,,,,,,,,,,Key.space,0.081,S08,low
1778951062.4343169,KEY_PRESS,,,,,,,,,,d,0.0812,S08,low
1778951062.509525,KEY_RELEASE,,,,,,,,,,d,0.0752,S08,low
1778951062.6908312,KEY_PRESS,,,,,,,,,,r,0.1813,S08,low
1778951062.8050165,KEY_RELEASE,,,,,,,,,,r,0.1142,S08,low
1778951062.9227703,KEY_PRESS,,,,,,,,,,e,0.1178,S08,low
1778951062.9831886,KEY_RELEASE,,,,,,,,,,e,0.0604,S08,low
1778951063.0871956,KEY_PRESS,,,,,,,,,,e,0.104,S08,low
1778951063.183818,KEY_RELEASE,,,,,,,,,,e,0.0966,S08,low
1778951063.231812,KEY_PRESS,,,,,,,,,,p,0.048,S08,low
1778951063.3638797,KEY_RELEASE,,,,,,,,,,p,0.1321,S08,low
1778951063.4473603,KEY_PRESS,,,,,,,,,,i,0.0835,S08,low
1778951063.5259674,KEY_RELEASE,,,,,,,,,,i,0.0786,S08,low
1778951063.5976336,KEY_PRESS,,,,,,,,,,n,0.0717,S08,low
1778951063.6834955,KEY_RELEASE,,,,,,,,,,n,0.0859,S08,low
1778951063.6838455,KEY_PRESS,,,,,,,,,,g,0.0003,S08,low
1778951063.7971702,KEY_RELEASE,,,,,,,,,,g,0.1133,S08,low
1778951063.9471042,KEY_PRESS,,,,,,,,,,Key.backspace,0.1499,S08,low
1778951064.0344977,KEY_RELEASE,,,,,,,,,,Key.backspace,0.0874,S08,low
1778951064.1095548,KEY_PRESS,,,,,,,,,,Key.backspace,0.0751,S08,low
1778951064.179137,KEY_RELEASE,,,,,,,,,,Key.backspace,0.0696,S08,low
1778951064.271851,KEY_PRESS,,,,,,,,,,Key.backspace,0.0927,S08,low
1778951064.3391936,KEY_RELEASE,,,,,,,,,,Key.backspace,0.0673,S08,low
1778951064.416527,KEY_PRESS,,,,,,,,,,Key.backspace,0.0773,S08,low
1778951064.4860067,KEY_RELEASE,,,,,,,,,,Key.backspace,0.0695,S08,low
1778951064.7898374,KEY_PRESS,,,,,,,,,,Key.backspace,0.3038,S08,low
1778951064.886125,KEY_RELEASE,,,,,,,,,,Key.backspace,0.0963,S08,low
1778951065.7195249,KEY_PRESS,,,,,,,,,,a,0.8334,S08,low
1778951065.8342285,KEY_RELEASE,,,,,,,,,,a,0.1147,S08,low
1778951065.8746083,KEY_PRESS,,,,,,,,,,m,0.0404,S08,low
1778951065.9601843,KEY_RELEASE,,,,,,,,,,m,0.0856,S08,low
1778951065.9862487,KEY_PRESS,,,,,,,,,,i,0.0261,S08,low
1778951066.0647948,KEY_RELEASE,,,,,,,,,,i,0.0785,S08,low
1778951066.1024776,KEY_PRESS,,,,,,,,,,n,0.0377,S08,low
1778951066.1988688,KEY_RELEASE,,,,,,,,,,n,0.0964,S08,low
1778951066.2855644,KEY_PRESS,,,,,,,,,,g,0.0867,S08,low
1778951066.3903723,KEY_RELEASE,,,,,,,,,,g,0.1048,S08,low
1778951066.5538516,KEY_PRESS,,,,,,,,,,Key.space,0.1635,S08,low
1778951066.6857057,KEY_RELEASE,,,,,,,,,,Key.space,0.1319,S08,low
1778951066.8471928,KEY_PRESS,,,,,,,,,,a,0.1615,S08,low
1778951066.9630363,KEY_RELEASE,,,,,,,,,,a,0.1158,S08,low
1778951067.0636513,KEY_PRESS,,,,,,,,,,b,0.1006,S08,low
1778951067.1946442,KEY_PRESS,,,,,,,,,,o,0.131,S08,low
1778951067.1953578,KEY_RELEASE,,,,,,,,,,b,0.0007,S08,low
1778951067.2640004,KEY_PRESS,,,,,,,,,,u,0.0686,S08,low
1778951067.290504,KEY_RELEASE,,,,,,,,,,o,0.0265,S08,low
1778951067.3744526,KEY_RELEASE,,,,,,,,,,u,0.0839,S08,low
1778951067.375043,KEY_PRESS,,,,,,,,,,t,0.0006,S08,low
1778951067.4610012,KEY_RELEASE,,,,,,,,,,t,0.086,S08,low
1778951067.6112037,KEY_PRESS,,,,,,,,,,Key.space,0.1502,S08,low
1778951067.6914816,KEY_RELEASE,,,,,,,,,,Key.space,0.0803,S08,low
1778951067.8510375,KEY_PRESS,,,,,,,,,,a,0.1596,S08,low
1778951067.9653096,KEY_RELEASE,,,,,,,,,,a,0.1143,S08,low
1778951068.2232974,KEY_PRESS,,,,,,,,,,Key.space,0.258,S08,low
1778951068.3626676,KEY_RELEASE,,,,,,,,,,Key.space,0.1394,S08,low
1778951068.907595,KEY_PRESS,,,,,,,,,,b,0.5449,S08,low
1778951069.0053387,KEY_PRESS,,,,,,,,,,o,0.0977,S08,low
1778951069.0286503,KEY_RELEASE,,,,,,,,,,b,0.0233,S08,low
1778951069.1176093,KEY_RELEASE,,,,,,,,,,o,0.089,S08,low
1778951069.1665928,KEY_PRESS,,,,,,,,,,n,0.049,S08,low
1778951069.2897942,KEY_RELEASE,,,,,,,,,,n,0.1232,S08,low
1778951069.3669107,KEY_PRESS,,,,,,,,,,e,0.0771,S08,low
1778951069.4897714,KEY_RELEASE,,,,,,,,,,e,0.1229,S08,low
1778951069.7412834,KEY_PRESS,,,,,,,,,,Key.space,0.2515,S08,low
1778951069.8645382,KEY_RELEASE,,,,,,,,,,Key.space,0.1233,S08,low
1778951070.0607085,KEY_PRESS,,,,,,,,,,h,0.1962,S08,low
1778951070.1830418,KEY_PRESS,,,,,,,,,,i,0.1223,S08,low
1778951070.1836376,KEY_RELEASE,,,,,,,,,,h,0.0006,S08,low
1778951070.2799833,KEY_RELEASE,,,,,,,,,,i,0.0963,S08,low
1778951070.3728774,KEY_PRESS,,,,,,,,,,w,0.0929,S08,low
1778951070.4961169,KEY_RELEASE,,,,,,,,,,w,0.1232,S08,low
1778951070.7044544,KEY_PRESS,,,,,,,,,,Key.space,0.2083,S08,low
1778951070.7830327,KEY_RELEASE,,,,,,,,,,Key.space,0.0786,S08,low
1778951070.8861423,KEY_PRESS,,,,,,,,,,Key.backspace,0.1031,S08,low
1778951070.9557023,KEY_RELEASE,,,,,,,,,,Key.backspace,0.0696,S08,low
1778951071.028062,KEY_PRESS,,,,,,,,,,Key.backspace,0.0724,S08,low
1778951071.1265922,KEY_RELEASE,,,,,,,,,,Key.backspace,0.0985,S08,low
1778951071.1274893,KEY_PRESS,,,,,,,,,,s,0.0009,S08,low
1778951071.233276,KEY_PRESS,,,,,,,,,,Key.space,0.1058,S08,low
1778951071.234278,KEY_RELEASE,,,,,,,,,,s,0.001,S08,low
1778951071.3386176,KEY_RELEASE,,,,,,,,,,Key.space,0.1043,S08,low
1778951071.4756758,KEY_PRESS,,,,,,,,,,o,0.1371,S08,low
1778951071.548815,KEY_RELEASE,,,,,,,,,,o,0.0731,S08,low
1778951071.5739474,KEY_PRESS,,,,,,,,,,w,0.0251,S08,low
1778951071.6795764,KEY_RELEASE,,,,,,,,,,w,0.1056,S08,low
1778951071.7418566,KEY_PRESS,,,,,,,,,,n,0.0623,S08,low
1778951071.8386655,KEY_RELEASE,,,,,,,,,,n,0.0968,S08,low
1778951072.1424544,KEY_PRESS,,,,,,,,,,v,0.3038,S08,low
1778951072.2477257,KEY_RELEASE,,,,,,,,,,v,0.1053,S08,low
1778951072.6368525,KEY_PRESS,,,,,,,,,,Key.backspace,0.3891,S08,low
1778951072.7060509,KEY_RELEASE,,,,,,,,,,Key.backspace,0.0692,S08,low
1778951072.90519,KEY_PRESS,,,,,,,,,,e,0.1991,S08,low
1778951073.0802011,KEY_PRESS,,,,,,,,,,r,0.175,S08,low
1778951073.081032,KEY_RELEASE,,,,,,,,,,e,0.0008,S08,low
1778951073.1946704,KEY_RELEASE,,,,,,,,,,r,0.1136,S08,low
1778951073.2617278,KEY_PRESS,,,,,,,,,,Key.space,0.0671,S08,low
1778951073.3758843,KEY_RELEASE,,,,,,,,,,Key.space,0.1142,S08,low
1778951073.623474,KEY_PRESS,,,,,,,,,,g,0.2476,S08,low
1778951073.666102,KEY_RELEASE,,,,,,,,,,g,0.0426,S08,low
1778951073.7235816,KEY_PRESS,,,,,,,,,,a,0.0575,S08,low
1778951073.8377862,KEY_RELEASE,,,,,,,,,,a,0.1142,S08,low
1778951073.9312942,KEY_PRESS,,,,,,,,,,v,0.0935,S08,low
1778951074.02746,KEY_RELEASE,,,,,,,,,,v,0.0962,S08,low
1778951074.1162384,KEY_PRESS,,,,,,,,,,e,0.0888,S08,low
1778951074.2122934,KEY_RELEASE,,,,,,,,,,e,0.0961,S08,low
1778951074.2757974,KEY_PRESS,,,,,,,,,,Key.space,0.0635,S08,low
1778951074.372213,KEY_RELEASE,,,,,,,,,,Key.space,0.0964,S08,low
1778951074.530369,KEY_PRESS,,,,,,,,,,h,0.1582,S08,low
1778951074.6181674,KEY_RELEASE,,,,,,,,,,h,0.0878,S08,low
1778951074.7208426,KEY_PRESS,,,,,,,,,,i,0.1027,S08,low
1778951074.870746,KEY_RELEASE,,,,,,,,,,i,0.1499,S08,low
1778951074.935296,KEY_PRESS,,,,,,,,,,m,0.0646,S08,low
1778951075.050314,KEY_RELEASE,,,,,,,,,,m,0.115,S08,low
1778951075.1594815,KEY_PRESS,,,,,,,,,,Key.space,0.1092,S08,low
1778951075.274233,KEY_RELEASE,,,,,,,,,,Key.space,0.1148,S08,low
1778951075.408969,KEY_PRESS,,,,,,,,,,y,0.1347,S08,low
1778951075.5053997,KEY_RELEASE,,,,,,,,,,y,0.0964,S08,low
1778951075.5823886,KEY_PRESS,,,,,,,,,,e,0.077,S08,low
1778951075.6875532,KEY_RELEASE,,,,,,,,,,e,0.1052,S08,low
1778951075.817875,KEY_PRESS,,,,,,,,,,s,0.1303,S08,low
1778951075.931494,KEY_RELEASE,,,,,,,,,,s,0.1136,S08,low
1778951076.591306,KEY_PRESS,,,,,,,,,,t,0.6598,S08,low
1778951076.723718,KEY_RELEASE,,,,,,,,,,t,0.1324,S08,low
1778951076.8358614,KEY_PRESS,,,,,,,,,,e,0.1121,S08,low
1778951076.9591687,KEY_RELEASE,,,,,,,,,,e,0.1233,S08,low
1778951076.9757452,KEY_PRESS,,,,,,,,,,r,0.0166,S08,low
1778951077.1346915,KEY_RELEASE,,,,,,,,,,r,0.1589,S08,low
1778951077.3172636,KEY_PRESS,,,,,,,,,,d,0.1826,S08,low
1778951077.430497,KEY_PRESS,,,,,,,,,,a,0.1132,S08,low
1778951077.4650085,KEY_RELEASE,,,,,,,,,,d,0.0345,S08,low
1778951077.5498786,KEY_PRESS,,,,,,,,,,y,0.0849,S08,low
1778951077.5507653,KEY_RELEASE,,,,,,,,,,a,0.0009,S08,low
1778951077.6746469,KEY_RELEASE,,,,,,,,,,y,0.1239,S08,low
1778951077.7826176,KEY_PRESS,,,,,,,,,,Key.space,0.108,S08,low
1778951077.91455,KEY_RELEASE,,,,,,,,,,Key.space,0.1319,S08,low
1778951078.4202244,KEY_PRESS,,,,,,,,,,a,0.5057,S08,low
1778951078.5344012,KEY_RELEASE,,,,,,,,,,a,0.1142,S08,low
1778951078.6322083,KEY_PRESS,,,,,,,,,,n,0.0978,S08,low
1778951078.7465658,KEY_RELEASE,,,,,,,,,,n,0.1144,S08,low
1778951078.8878636,KEY_PRESS,,,,,,,,,,d,0.1413,S08,low
1778951078.9840147,KEY_RELEASE,,,,,,,,,,d,0.0962,S08,low
1778951079.0085955,KEY_PRESS,,,,,,,,,,Key.space,0.0246,S08,low
1778951079.105139,KEY_RELEASE,,,,,,,,,,Key.space,0.0965,S08,low
1778951079.2914383,KEY_PRESS,,,,,,,,,,h,0.1863,S08,low
1778951079.406117,KEY_RELEASE,,,,,,,,,,h,0.1147,S08,low
1778951079.500275,KEY_PRESS,,,,,,,,,,e,0.0942,S08,low
1778951079.6235056,KEY_RELEASE,,,,,,,,,,e,0.1232,S08,low
1778951079.6508996,KEY_PRESS,,,,,,,,,,Key.space,0.0274,S08,low
1778951079.7561197,KEY_RELEASE,,,,,,,,,,Key.space,0.1052,S08,low
1778951079.8279738,KEY_PRESS,,,,,,,,,,w,0.0719,S08,low
1778951079.9326549,KEY_PRESS,,,,,,,,,,a,0.1047,S08,low
1778951079.967041,KEY_RELEASE,,,,,,,,,,w,0.0344,S08,low
1778951080.036137,KEY_RELEASE,,,,,,,,,,a,0.0691,S08,low
1778951080.1354547,KEY_PRESS,,,,,,,,,,s,0.0993,S08,low
1778951080.2584176,KEY_RELEASE,,,,,,,,,,s,0.123,S08,low
1778951080.355801,KEY_PRESS,,,,,,,,,,Key.space,0.0974,S08,low
1778951080.4257843,KEY_RELEASE,,,,,,,,,,Key.space,0.07,S08,low
1778951080.6502874,KEY_PRESS,,,,,,,,,,d,0.2245,S08,low
1778951080.782295,KEY_PRESS,,,,,,,,,,i,0.132,S08,low
1778951080.7827225,KEY_RELEASE,,,,,,,,,,d,0.0004,S08,low
1778951080.8695726,KEY_RELEASE,,,,,,,,,,i,0.0869,S08,low
1778951080.915511,KEY_PRESS,,,,,,,,,,s,0.0459,S08,low
1778951081.0204833,KEY_RELEASE,,,,,,,,,,s,0.105,S08,low
1778951081.1210468,KEY_PRESS,,,,,,,,,,t,0.1006,S08,low
1778951081.2266076,KEY_RELEASE,,,,,,,,,,t,0.1056,S08,low
1778951081.378568,KEY_PRESS,,,,,,,,,,u,0.152,S08,low
1778951081.5227976,KEY_RELEASE,,,,,,,,,,u,0.1442,S08,low
1778951081.770321,KEY_PRESS,,,,,,,,,,p,0.2475,S08,low
1778951081.8925319,KEY_RELEASE,,,,,,,,,,p,0.1222,S08,low
1778951082.2027383,KEY_PRESS,,,,,,,,,,Key.backspace,0.3102,S08,low
1778951082.2979023,KEY_RELEASE,,,,,,,,,,Key.backspace,0.0952,S08,low
1778951082.3741345,KEY_PRESS,,,,,,,,,,r,0.0762,S08,low
1778951082.488822,KEY_RELEASE,,,,,,,,,,r,0.1147,S08,low
1778951082.740511,KEY_PRESS,,,,,,,,,,b,0.2517,S08,low
1778951082.8366914,KEY_RELEASE,,,,,,,,,,b,0.0962,S08,low
1778951082.9558737,KEY_PRESS,,,,,,,,,,e,0.1192,S08,low
1778951083.0523205,KEY_RELEASE,,,,,,,,,,e,0.0964,S08,low
1778951083.1650095,KEY_PRESS,,,,,,,,,,d,0.1127,S08,low
1778951083.3062544,KEY_RELEASE,,,,,,,,,,d,0.1412,S08,low
1778951083.499693,KEY_PRESS,,,,,,,,,,Key.space,0.1934,S08,low
1778951083.6407003,KEY_RELEASE,,,,,,,,,,Key.space,0.141,S08,low
1778951083.978859,KEY_PRESS,,,,,,,,,,b,0.3382,S08,low
1778951084.066308,KEY_RELEASE,,,,,,,,,,b,0.0874,S08,low
1778951084.108243,KEY_PRESS,,,,,,,,,,y,0.0419,S08,low
1778951084.222847,KEY_RELEASE,,,,,,,,,,y,0.1146,S08,low
1778951084.2822943,KEY_PRESS,,,,,,,,,,Key.space,0.0594,S08,low
1778951084.3601346,KEY_RELEASE,,,,,,,,,,Key.space,0.0778,S08,low
1778951084.436507,KEY_PRESS,,,,,,,,,,t,0.0764,S08,low
1778951084.5286543,KEY_PRESS,,,,,,,,,,h,0.0921,S08,low
1778951084.5294209,KEY_RELEASE,,,,,,,,,,t,0.0008,S08,low
1778951084.6487644,KEY_RELEASE,,,,,,,,,,h,0.1193,S08,low
1778951084.6495006,KEY_PRESS,,,,,,,,,,e,0.0007,S08,low
1778951084.7518299,KEY_PRESS,,,,,,,,,,Key.space,0.1023,S08,low
1778951084.7526112,KEY_RELEASE,,,,,,,,,,e,0.0008,S08,low
1778951084.8422103,KEY_RELEASE,,,,,,,,,,Key.space,0.0896,S08,low
1778951085.0247226,KEY_PRESS,,,,,,,,,,q,0.1825,S08,low
1778951085.175225,KEY_PRESS,,,,,,,,,,u,0.1505,S08,low
1778951085.1763213,KEY_RELEASE,,,,,,,,,,q,0.0011,S08,low
1778951085.2797315,KEY_RELEASE,,,,,,,,,,u,0.1034,S08,low
1778951085.391434,KEY_PRESS,,,,,,,,,,c,0.1117,S08,low
1778951085.5306637,KEY_PRESS,,,,,,,,,,i,0.1392,S08,low
1778951085.5316072,KEY_RELEASE,,,,,,,,,,c,0.0009,S08,low
1778951085.6279795,KEY_RELEASE,,,,,,,,,,i,0.0964,S08,low
1778951085.9064004,KEY_PRESS,,,,,,,,,,Key.backspace,0.2784,S08,low
1778951086.0118372,KEY_RELEASE,,,,,,,,,,Key.backspace,0.1054,S08,low
1778951086.2405145,KEY_PRESS,,,,,,,,,,c,0.2287,S08,low
1778951086.369514,KEY_PRESS,,,,,,,,,,k,0.129,S08,low
1778951086.3704662,KEY_RELEASE,,,,,,,,,,c,0.001,S08,low
1778951086.4752781,KEY_RELEASE,,,,,,,,,,k,0.1048,S08,low
1778951086.7620277,KEY_PRESS,,,,,,,,,,Key.backspace,0.2867,S08,low
1778951086.8393366,KEY_RELEASE,,,,,,,,,,Key.backspace,0.0773,S08,low
1778951086.9183133,KEY_PRESS,,,,,,,,,,Key.backspace,0.079,S08,low
1778951086.9969058,KEY_RELEASE,,,,,,,,,,Key.backspace,0.0786,S08,low
1778951087.0722525,KEY_PRESS,,,,,,,,,,i,0.0753,S08,low
1778951087.1685426,KEY_RELEASE,,,,,,,,,,i,0.0963,S08,low
1778951087.2165234,KEY_PRESS,,,,,,,,,,c,0.048,S08,low
1778951087.3139422,KEY_PRESS,,,,,,,,,,k,0.0974,S08,low
1778951087.3377922,KEY_RELEASE,,,,,,,,,,c,0.0238,S08,low
1778951087.4442313,KEY_RELEASE,,,,,,,,,,k,0.1064,S08,low
1778951087.5479443,KEY_PRESS,,,,,,,,,,Key.space,0.1037,S08,low
1778951087.653127,KEY_RELEASE,,,,,,,,,,Key.space,0.1052,S08,low
1778951087.978814,KEY_PRESS,,,,,,,,,,b,0.3257,S08,low
1778951088.0837898,KEY_RELEASE,,,,,,,,,,b,0.105,S08,low
1778951088.248586,KEY_PRESS,,,,,,,,,,r,0.1648,S08,low
1778951088.39008,KEY_RELEASE,,,,,,,,,,r,0.1415,S08,low
1778951088.410183,KEY_PRESS,,,,,,,,,,o,0.0201,S08,low
1778951088.5064983,KEY_RELEASE,,,,,,,,,,o,0.0963,S08,low
1778951088.611271,KEY_PRESS,,,,,,,,,,w,0.1048,S08,low
1778951088.6826298,KEY_PRESS,,,,,,,,,,n,0.0714,S08,low
1778951088.7149966,KEY_RELEASE,,,,,,,,,,w,0.0324,S08,low
1778951088.803986,KEY_RELEASE,,,,,,,,,,n,0.089,S08,low
1778951088.907098,KEY_PRESS,,,,,,,,,,Key.space,0.1031,S08,low
1778951088.9832127,KEY_RELEASE,,,,,,,,,,Key.space,0.0761,S08,low
1778951088.984302,KEY_PRESS,,,,,,,,,,f,0.0011,S08,low
1778951089.1125453,KEY_RELEASE,,,,,,,,,,f,0.1282,S08,low
1778951089.1403527,KEY_PRESS,,,,,,,,,,o,0.0278,S08,low
1778951089.2542365,KEY_RELEASE,,,,,,,,,,o,0.1139,S08,low
1778951089.3564827,KEY_PRESS,,,,,,,,,,x,0.1022,S08,low
1778951089.5065343,KEY_RELEASE,,,,,,,,,,x,0.1501,S08,low
1778951089.5830703,KEY_PRESS,,,,,,,,,,Key.space,0.0765,S08,low
1778951089.670578,KEY_RELEASE,,,,,,,,,,Key.space,0.0875,S08,low
1778951089.742781,KEY_PRESS,,,,,,,,,,w,0.0722,S08,low
1778951089.8541706,KEY_PRESS,,,,,,,,,,h,0.1114,S08,low
1778951089.855,KEY_RELEASE,,,,,,,,,,w,0.0008,S08,low
1778951089.94287,KEY_RELEASE,,,,,,,,,,h,0.0879,S08,low
1778951089.9596477,KEY_PRESS,,,,,,,,,,o,0.0168,S08,low
1778951090.0474107,KEY_RELEASE,,,,,,,,,,o,0.0878,S08,low
1778951090.1001275,KEY_PRESS,,,,,,,,,,Key.space,0.0527,S08,low
1778951090.1786544,KEY_RELEASE,,,,,,,,,,Key.space,0.0785,S08,low
1778951090.2506807,KEY_PRESS,,,,,,,,,,j,0.072,S08,low
1778951090.3380985,KEY_RELEASE,,,,,,,,,,j,0.0874,S08,low
1778951090.4098253,KEY_PRESS,,,,,,,,,,u,0.0717,S08,low
1778951090.4881866,KEY_RELEASE,,,,,,,,,,u,0.0784,S08,low
1778951090.6930096,KEY_PRESS,,,,,,,,,,m,0.2048,S08,low
1778951090.79843,KEY_RELEASE,,,,,,,,,,m,0.1054,S08,low
1778951090.861878,KEY_PRESS,,,,,,,,,,p,0.0634,S08,low
1778951090.976635,KEY_RELEASE,,,,,,,,,,p,0.1148,S08,low
1778951091.0277312,KEY_PRESS,,,,,,,,,,e,0.0511,S08,low
